id;client;displayname;logo;profile_name;conso_sig;conso_times;conso_seal;technical_account_creation;is_technical_account_admin;is_technical_account;is_operator;technical_account_firstname;technical_account_lastname;technical_account_mail;language;org_created;technical_account_created;conso_created;create_date
1;Creative attitude;Table Mexico Licensed;bricks-and-clicks Account Buckinghamshire;Incredible;true;true;false;false;true;false;true;ADP Lithuania;grow Cambridgeshire;magnetic;ENGLISH;true;false;false;2022-02-21
2;Open-architected Account;copying;Avon Fresh ADP;port;false;true;false;false;true;true;true;invoice Delaware Unbranded;red seamless Factors;ubiquitous THX;ENGLISH;false;true;true;2022-02-22
3;and;Global matrix COM;solutions;payment Games;true;false;true;false;true;false;true;open-source Toys deposit;Soap enhance;International New;ENGLISH;false;true;false;2022-02-22
4;Berkshire;even-keeled;Wooden Forward;Dynamic JBOD;true;true;true;true;false;false;false;Forward auxiliary driver;solid deposit rich;Granite Synergistic Fish;ENGLISH;true;true;true;2022-02-21
5;synthesizing;Greenland redundant compressing;e-services International;synergistic;true;false;false;true;true;false;false;Savings Web turquoise;Guarani Future-proofed Upgradable;Lead quantify;SPANISH;true;false;true;2022-02-21
6;Chips payment Human;Mountains;input synergies;back Solomon;false;false;true;false;false;false;true;Trafficway user-centric online;Connecticut;Creative Cotton COM;SPANISH;true;true;true;2022-02-21
7;Refined Lead Forward;Keyboard primary;Buckinghamshire utilize multi-byte;flexibility;true;true;true;true;false;false;true;Soft;one-to-one;Electronics Metal;FRENCH;true;false;false;2022-02-21
8;National index;RAM Maryland;Product web-readiness Dynamic;Vision-oriented infomediaries;false;false;false;false;true;true;true;Group black yellow;Technician;Incredible Dynamic;SPANISH;true;true;false;2022-02-21
9;Pa'anga Architect Outdoors;heuristic Practical;invoice Frozen Green;Rand;true;true;true;true;false;false;true;Bedfordshire Berkshire TCP;regional Rubber;Reverse-engineered;SPANISH;true;false;true;2022-02-22
10;Silver;Baby Movies Hampshire;Colorado;Market transmit;false;false;true;false;true;true;false;Cheese;groupware XML Shoes;Administrator;FRENCH;true;false;false;2022-02-22
